<?xml version="1.0" encoding="UTF-8"?>
<project-private xmlns="http://www.netbeans.org/ns/project-private/1">
    <editor-bookmarks xmlns="http://www.netbeans.org/ns/editor-bookmarks/2" lastBookmarkId="0"/>
    <open-files xmlns="http://www.netbeans.org/ns/projectui-open-files/2">
        <group>
            <file>file:/home/alu_tarde/NetBeansProjects/arrays/src/arrays/tabla_ordenada.java</file>
            <file>file:/home/alu_tarde/NetBeansProjects/arrays/src/arrays/copyof.java</file>
            <file>file:/home/alu_tarde/NetBeansProjects/arrays/src/arrays/ej9.java</file>
            <file>file:/home/alu_tarde/NetBeansProjects/arrays/src/arrays/ej8.java</file>
            <file>file:/home/alu_tarde/NetBeansProjects/arrays/src/arrays/ejemploclasearrays.java</file>
            <file>file:/home/alu_tarde/NetBeansProjects/arrays/src/arrays/ej10.java</file>
        </group>
    </open-files>
</project-private>
