<?xml version="1.0" encoding="UTF-8"?>
<project-private xmlns="http://www.netbeans.org/ns/project-private/1">
    <editor-bookmarks xmlns="http://www.netbeans.org/ns/editor-bookmarks/2" lastBookmarkId="0"/>
    <open-files xmlns="http://www.netbeans.org/ns/projectui-open-files/2">
        <group>
            <file>file:/home/alu_tarde/NetBeansProjects/Socio/src/socio/ComparadorId.java</file>
            <file>file:/home/alu_tarde/NetBeansProjects/Socio/src/socio/ComparaNombres.java</file>
            <file>file:/home/alu_tarde/NetBeansProjects/Socio/src/socio/ComparaEdades.java</file>
            <file>file:/home/alu_tarde/NetBeansProjects/Socio/src/socio/Socio.java</file>
            <file>file:/home/alu_tarde/NetBeansProjects/Socio/src/socio/Lista.java</file>
            <file>file:/home/alu_tarde/NetBeansProjects/Socio/src/socio/Main.java</file>
        </group>
    </open-files>
</project-private>
